{"cameraMode":{"drawMode":0,"name":"Shaded","section":"Shading Mode"},"sceneLighting":false,"audioPlay":false,"sceneViewState":{"m_AlwaysRefresh":false,"showFog":true,"showSkybox":false,"showFlares":true,"showImageEffects":true,"showParticleSystems":true,"showVisualEffectGraphs":true,"m_FxEnabled":true},"in2DMode":false,"pivot":{"x":-0.19573530554771424,"y":0.7579226493835449,"z":-1.615579605102539},"rotation":{"x":0.0012952325632795692,"y":-0.9971904158592224,"z":0.01826305501163006,"w":0.07340575009584427},"size":1.445007085800171,"orthographic":false}